 CustomerName, CustomerPhNo, CustomerAddress, Password
Claire Gute,9167035808,"Henderson,Kentucky,United States",NZ76S29
Darrin Van Huff,7495777225,"Los Angeles,California,United States",ND90W12
Sean O'Donnell,3795373234,"Fort Lauderdale,Florida,United States",NX38M64
Brosina Hoffman,6294416804,"Los Angeles,California,United States",NV88D78
Andrew Allen,3679518407,"Concord,North Carolina,United States",AE99W75
Irene Maddox,7463638317,"Seattle,Washington,United States",OT72B27
Harold Pawlan,3942743838,"Fort Worth,Texas,United States",PQ73Z44
Pete Kriz,1346215110,"Madison,Wisconsin,United States",VG74A57
Alejandro Grove,2701000759,"West Jordan,Utah,United States",PD48M70
Zuschuss Donatelli,7778282522,"San Francisco,California,United States",BV49D76
Ken Black,6236589753,"Fremont,Nebraska,United States",XY28B65
Sandra Flanagan,2809077513,"Philadelphia,Pennsylvania,United States",PB49T27
Emily Burns,3321567063,"Orem,Utah,United States",IT19W93
Eric Hoffmann,1539245596,"Los Angeles,California,United States",AI34B49
Tracy Blumstein,6567072362,"Philadelphia,Pennsylvania,United States",OC63J62
Matt Abelman,1746360832,"Houston,Texas,United States",OP17L45
Gene Hale,1513059551,"Richardson,Texas,United States",PE19N72
Steve Nguyen,8172581192,"Houston,Texas,United States",XG64O80
Linda Cazamias,5657972697,"Naperville,Illinois,United States",RK72K58
Ruben Ausman,3036890144,"Los Angeles,California,United States",RX38X12
Erin Smith,6313200621,"Melbourne,Florida,United States",MS22N72
Odella Nelson,3417032732,"Eagan,Minnesota,United States",GL97T44
Patrick O'Donnell,3583315433,"Westland,Michigan,United States",SU57R82
Lena Hernandez,7043338152,"Dover,Delaware,United States",OO51X56
Darren Powers,9634610812,"New Albany,Indiana,United States",QH15X17
Janet Molinari,9187461791,"New York City,New York,United States",TW27U22
Ted Butterfield,2644790016,"Troy,New York,United States",LB19K24
Kunst Miller,1852485256,"Los Angeles,California,United States",HI90G88
Paul Stevenson,7008946131,"Chicago,Illinois,United States",DU42I34
Brendan Sweed,5211925687,"Gilbert,Arizona,United States",WP32H25
Karen Daniels,4512086803,"Springfield,Virginia,United States",PF24Y22
Henry MacAllister,3643076579,"New York City,New York,United States",YG26S12
Joel Eaton,4867138368,"Memphis,Tennessee,United States",MZ30L74
Ken Brennan,2516158797,"Houston,Texas,United States",KY36O90
Stewart Carmichael,2697510400,"Decatur,Alabama,United States",AU98Z77
Duane Noonan,7718199988,"San Francisco,California,United States",PG13R78
Julie Creighton,5153616377,"Durham,North Carolina,United States",ML54S89
Christopher Schild,5222863756,"Chicago,Illinois,United States",OS48F89
Paul Gonzalez,3344311586,"Rochester,Minnesota,United States",AI32Z22
Gary Mitchum,6699078423,"Houston,Texas,United States",JJ15F30
Jim Sink,4201657354,"Los Angeles,California,United States",JB75J45
Karl Braun,9120594961,"Minneapolis,Minnesota,United States",NS28G51
Roger Barcio,6379499367,"Portland,Oregon,United States",JD46W57
Parhena Norris,9770354328,"New York City,New York,United States",AM66M44
Katherine Ducich,8655015133,"San Francisco,California,United States",IN35B68
Elpida Rittenbach,6130347207,"Saint Paul,Minnesota,United States",KP41Z27
Rick Bensley,4630169411,"Chicago,Illinois,United States",CC32Q14
Gary Zandusky,6094525653,"Rochester,Minnesota,United States",LO25W10
Lena Cacioppo,7043405991,"Aurora,Colorado,United States",NA10Z70
Janet Martin,6214620371,"Charlotte,North Carolina,United States",FS76S52
Pete Armstrong,1412996086,"Orland Park,Illinois,United States",YH81G76
Cynthia Voltz,8770613498,"New York City,New York,United States",ZZ84O48
Clay Ludtke,7192923191,"Urbandale,Iowa,United States",KM55E98
Ryan Crowe,2043082814,"Columbus,Ohio,United States",MR74M46
Dave Kipp,5414787540,"Seattle,Washington,United States",UG34T10
Greg Guthrie,5971541088,"Bristol,Tennessee,United States",TW17Z48
Steven Cartwright,7642643376,"Wilmington,Delaware,United States",WZ32N55
Alan Dominguez,9659289062,"Houston,Texas,United States",WS42Q93
Philip Fox,5349656121,"Bloomington,Illinois,United States",TH36M22
Troy Staebel,9084880955,"Phoenix,Arizona,United States",WN24H70
Lindsay Shagiari,8506704812,"Los Angeles,California,United States",QC59V97
Dorothy Wardle,1937440523,"Columbus,Ohio,United States",DO99W31
Lena Creighton,4701169598,"Roseville,California,United States",VM41A13
Jonathan Doherty,3165698784,"Philadelphia,Pennsylvania,United States",WE50W32
Sally Hughsby,6668126961,"San Francisco,California,United States",HD10D57
Sandra Glassco,7316175558,"Independence,Missouri,United States",PH24J28
Helen Andreada,8897841837,"Pasadena,California,United States",XH15R59
Maureen Gastineau,8192624802,"Newark,Ohio,United States",CS86X33
Justin Ellison,5705582514,"Franklin,Wisconsin,United States",LR56V79
Tamara Willingham,6904408020,"Scottsdale,Arizona,United States",SR46R43
Stephanie Phelps,1620272495,"San Jose,California,United States",OW84S36
Neil Knudson,1963492396,"Seattle,Washington,United States",QQ38M90
Dave Brooks,9714735901,"Seattle,Washington,United States",OD89J20
Nora Paige,2854770071,"Edmond,Oklahoma,United States",DR97X43
Ted Trevino,7797089529,"Los Angeles,California,United States",EQ76W14
Eric Murdock,1992869437,"Philadelphia,Pennsylvania,United States",NG85C17
Ruben Dartt,6789733503,"Carlsbad,New Mexico,United States",TZ94P43
Max Jones,6122783078,"Seattle,Washington,United States",JO53D94
Becky Martin,7662508979,"San Antonio,Texas,United States",EA97B84
Chad Sievert,8146515312,"Los Angeles,California,United States",LC40T83
Jennifer Braxton,9768056447,"Chicago,Illinois,United States",VF29F73
Shirley Jackson,4132125546,"Houston,Texas,United States",OL37X33
Jim Kriz,9479561471,"New York City,New York,United States",VO29Y14
David Kendrick,7386693556,"Decatur,Illinois,United States",BM14G80
Robert Marley,2385143843,"Monroe,Louisiana,United States",KA50D86
Sally Knutson,1962363581,"Fairfield,Connecticut,United States",ZG42M71
Frank Merwin,6840428173,"Los Angeles,California,United States",CR62L86
Alice McCarthy,3185841512,"Grand Prairie,Texas,United States",AU98K73
Mark Packer,2182944368,"New York City,New York,United States",UX44F11
Mary Zewe,8464817236,"Redlands,California,United States",ZA90M88
Cassandra Brandow,5122213784,"Hamilton,Ohio,United States",SR89Q69
Valerie Mitchum,6632217209,"Westfield,New Jersey,United States",GU74Q57
Fred Hopkins,6478007233,"Philadelphia,Pennsylvania,United States",EI50H54
Maria Bertelson,6555005720,"Akron,Ohio,United States",LF34S42
Bruce Stewart,5151070658,"Denver,Colorado,United States",GS83B82
Logan Currie,6945995959,"Dallas,Texas,United States",DI64T57
Heather Kirkland,3729564849,"Franklin,Tennessee,United States",DV12W67
Laurel Elliston,8249488798,"Whittier,California,United States",PS80L31
Joseph Holt,7964179731,"Saginaw,Michigan,United States",XI57G36
Michael Stewart,8945700952,"Dallas,Texas,United States",BF52Z44
Victoria Wilson,1238569638,"Medina,Ohio,United States",MG21Y33
Jonathan Howell,7293957157,"Los Angeles,California,United States",VX49Z41
Joni Blumstein,9873288450,"Dublin,Ohio,United States",KH57O96
David Smith,5149084375,"Detroit,Michigan,United States",EN38B31
Valerie Dominguez,9470786222,"Columbia,Tennessee,United States",UN28Y90
Erin Ashbrook,4207829356,"Charlotte,North Carolina,United States",IA75O44
David Bremer,8298928804,"Santa Clara,California,United States",BW57I64
Ken Lonsdale,8175993206,"Chicago,Illinois,United States",MG53R80
Dianna Wilson,8678073031,"Lakeville,Minnesota,United States",RZ36C60
Logan Haushalter,5834360546,"San Francisco,California,United States",VG37A75
Kelly Collister,7328092748,"San Diego,California,United States",HI26R60
Delfina Latchford,8647228568,"New York City,New York,United States",UF83I36
Dan Reichenbach,4208956977,"Chicago,Illinois,United States",WP57N78
Craig Carreira,2734810836,"New York City,New York,United States",XK33E71
Dorris liebe,3865196389,"Pasadena,Texas,United States",OX25T83
Sean Braxton,8703176028,"Houston,Texas,United States",FW45K91
Roy Collins,9795664193,"Chicago,Illinois,United States",SL69T60
Alan Hwang,7771242129,"Brentwood,California,United States",DZ35S61
Claudia Bergmann,2621221922,"Chapel Hill,North Carolina,United States",YP19B90
Christine Abelman,7600948868,"Cincinnati,Ohio,United States",HN64S85
Kristen Hastings,7691647190,"San Francisco,California,United States",CF63P63
Barry Blumstein,9788160204,"Inglewood,California,United States",UY53N16
Andrew Gjertsen,4416988062,"Philadelphia,Pennsylvania,United States",LP90A71
Jas O'Carroll,1568187451,"Los Angeles,California,United States",HE95U77
Alan Haines,3586679155,"Tamarac,Florida,United States",WT76Y27
Nick Zandusky,3269050994,"Columbus,Ohio,United States",ZN90D41
Kelly Lampkin,9508852750,"Colorado Springs,Colorado,United States",NX83I56
Alan Schoenberger,7778234359,"New York City,New York,United States",RN58Q75
Corey Roper,5421237413,"Lakewood,New Jersey,United States",ZW77H66
Shahid Hopkins,4429217253,"Arlington,Virginia,United States",DU91I87
Ben Peterman,7526097189,"Arvada,Colorado,United States",XJ87A96
Thomas Seio,8314583839,"Hackensack,New Jersey,United States",TE13J65
Andy Gerbode,7037148066,"Saint Petersburg,Florida,United States",JU82B72
Sung Pak,7455249720,"Philadelphia,Pennsylvania,United States",BE60Y84
Nathan Mautz,5157281113,"New York City,New York,United States",VG20T20
Frank Atkinson,1517718610,"Long Beach,California,United States",VV16K36
Grace Kelly,4079306137,"Hesperia,California,United States",TL35U28
Don Jones,2396642546,"Murfreesboro,Tennessee,United States",YN60K27
Patrick O'Brill,1861835783,"Philadelphia,Pennsylvania,United States",IG19E59
John Lucas,3446223798,"Philadelphia,Pennsylvania,United States",PC44T94
Doug Bickford,5656135118,"Los Angeles,California,United States",MF35H35
Alyssa Crouse,7815474712,"San Francisco,California,United States",DV50V81
Clay Cheatham,8638558071,"San Francisco,California,United States",PL30C67
Tamara Dahlen,9624717343,"Lowell,Massachusetts,United States",VZ19Y55
Adam Bellavance,5249835655,"New York City,New York,United States",ZC75M93
Jeremy Lonsdale,1633272985,"New York City,New York,United States",YE25G29
Victoria Brennan,3485463054,"Columbus,Georgia,United States",HS56V80
Katrina Willman,9749063236,"New York City,New York,United States",YG37T89
Julia Dunbar,1464704293,"San Francisco,California,United States",FF92L41
Michael Kennedy,7970598214,"Manchester,Connecticut,United States",IM96D59
Guy Thornton,7897405035,"Harlingen,Texas,United States",RJ22E63
Arthur Gainer,5160784314,"Tucson,Arizona,United States",GQ51U75
Muhammed MacIntyre,6450794949,"Quincy,Illinois,United States",QA80A29
Allen Rosenblatt,3066288455,"Franklin,Massachusetts,United States",PN23W11
Russell Applegate,5891204132,"Houston,Texas,United States",WG93C33
Alejandro Savely,1711607230,"San Francisco,California,United States",CR72P88
Laura Armstrong,6997094185,"Taylor,Michigan,United States",OK35X27
Denny Ordway,2852134482,"Pembroke Pines,Florida,United States",UW55V35
Dean Katz,8625692560,"Philadelphia,Pennsylvania,United States",MJ44I39
Nathan Gelder,3213350972,"Cincinnati,Ohio,United States",VK72Y62
Mike Vittorini,5085177007,"New York City,New York,United States",CJ86A29
Jack Garza,5825799072,"Des Moines,Washington,United States",VQ49Q61
Bart Pistole,2394733517,"Peoria,Illinois,United States",OM51N77
Victor Preis,5128565735,"Las Vegas,Nevada,United States",BZ14C68
Saphhira Shifley,1724903989,"Warwick,Rhode Island,United States",PY51M42
Anna Gayman,2902246154,"Houston,Texas,United States",SC66C12
Luke Foster,3928446474,"Miami,Florida,United States",YA13B16
Roy Französisch,2033975728,"New York City,New York,United States",VH94E78
Keith Herrera,5388576571,"San Francisco,California,United States",FW93V52
Kimberly Carter,5418832284,"Seattle,Washington,United States",RN99Z45
Caroline Jumper,3486975215,"Huntington Beach,California,United States",GE81V70
Philip Brown,9295835532,"Los Angeles,California,United States",NU25U17
Michael Paige,4512096332,"Lawrence,Massachusetts,United States",EW20K29
Natalie Fritzler,3901626164,"Jackson,Mississippi,United States",OG98B15
Shirley Daniels,5087625099,"New Rochelle,New York,United States",GZ79W61
Ken Heidel,9366246116,"San Antonio,Texas,United States",GY61Z46
Ross Baird,3708769337,"Gastonia,North Carolina,United States",YY54V56
Mike Kennedy,4625141547,"Jacksonville,Florida,United States",NR58U52
Philisse Overcash,4945215036,"Chicago,Illinois,United States",BP67R84
Brenda Bowman,3207315058,"Houston,Texas,United States",GD48A40
Troy Blackwell,5196892891,"Columbus,Indiana,United States",PW31S49
Raymond Buch,1319393297,"Auburn,New York,United States",NV17J46
Ed Braxton,7556014108,"Akron,Ohio,United States",BS79I60
Sanjit Chand,5085018974,"Concord,California,United States",YF24Q97
Tanja Norvell,3524218108,"Phoenix,Arizona,United States",DJ49V29
Joni Sundaresam,8306741312,"Park Ridge,Illinois,United States",VV44U52
Maya Herman,6876480639,"Lindenhurst,New York,United States",TQ49G86
Jeremy Pistek,3698165839,"San Francisco,California,United States",EU22L14
Jeremy Ellison,9777204394,"Troy,New York,United States",UT12F26
John Grady,3260594567,"New York City,New York,United States",RC82D86
Xylona Preis,1626312484,"San Diego,California,United States",BT52R12
Erin Mull,3729704654,"New York City,New York,United States",YG97M85
Michelle Tran,7292869236,"Los Angeles,California,United States",QV54T88
Sue Ann Reed,4170364024,"Chicago,Illinois,United States",IG23G50
Carl Weiss,2988442906,"Huntsville,Texas,United States",OS51M44
Astrea Jones,8472978245,"Rochester,New York,United States",EI12B60
Sonia Sunley,9498027693,"Seattle,Washington,United States",AM37N44
Rose O'Brian,4636833110,"Memphis,Tennessee,United States",QJ88Q41
Maribeth Dona,3184267395,"Fayetteville,Arkansas,United States",ZZ66H71
Maribeth Yedwab,3409077849,"Parker,Colorado,United States",VN49W83
Christopher Martinez,4310239438,"Atlanta,Georgia,United States",PO50K80
Lynn Smith,6610831899,"Gladstone,Missouri,United States",YW21F39
Bradley Nguyen,4109080320,"Los Angeles,California,United States",GJ29G46
Dean Braden,6080750405,"Houston,Texas,United States",JJ77F24
Matt Connell,5509429471,"Detroit,Michigan,United States",KN21L89
Brian Dahlen,8891676550,"Lawrence,Massachusetts,United States",VN62J87
Patricia Hirasaki,9643518044,"Lakeland,Florida,United States",RS66F70
Mike Gockenbach,8348814267,"Philadelphia,Pennsylvania,United States",TH24Y13
Karen Bern,3098345302,"Los Angeles,California,United States",BD73D26
Jasper Cacioppo,6700148234,"Los Angeles,California,United States",QM63O58
Rob Lucas,3154066019,"Montgomery,Alabama,United States",NF15J43
Allen Armold,3088591655,"Mesa,Arizona,United States",PW98K71
Emily Phan,4037542650,"Chicago,Illinois,United States",LU77E77
Darren Koutras,6496618175,"Henderson,Kentucky,United States",AP15E11
Bradley Drucker,4568159131,"Green Bay,Wisconsin,United States",YD88G58
Liz MacKendrick,6303413576,"Springfield,Ohio,United States",WE44A23
Adrian Shami,8919689597,"New York City,New York,United States",YG32Q40
Bill Donatelli,5864039227,"San Francisco,California,United States",HB57J15
Greg Tran,8543019236,"Houston,Texas,United States",DS12H76
Ashley Jarboe,7895573557,"Wilmington,North Carolina,United States",NU34X23
Olvera Toch,4694548286,"Los Angeles,California,United States",ET52F54
Liz Pelletier,8584023848,"San Francisco,California,United States",FJ23N26
Cynthia Arntzen,2588334041,"Tampa,Florida,United States",NL75N86
Jeremy Farry,1271211461,"Seattle,Washington,United States",VN35P92
Frank Preis,5107147175,"Los Angeles,California,United States",MX14Z52
Ellis Ballard,7149226653,"Seattle,Washington,United States",RZ60L37
Jennifer Ferguson,2127087439,"New York City,New York,United States",MN46U78
Sarah Foster,6477364000,"Marysville,Washington,United States",MT17W91
Trudy Glocke,2274305044,"Long Beach,California,United States",VR90H70
Carlos Soltero,1983870114,"Chicago,Illinois,United States",YC91Y71
Charles Crestani,2787665622,"Los Angeles,California,United States",FP92I34
Dianna Vittorini,5587945298,"Denver,Colorado,United States",KV44M60
Bruce Degenhardt,7307497782,"Richmond,Kentucky,United States",TE73X22
Zuschuss Carroll,2970118064,"Salem,Oregon,United States",ZF99Y18
Melanie Seite,3872529997,"Laredo,Texas,United States",BM55A26
Lena Radford,1516262267,"San Diego,California,United States",LV84P23
Theone Pippenger,1568413015,"Philadelphia,Pennsylvania,United States",WR97B36
Chloris Kastensmidt,1474640483,"Philadelphia,Pennsylvania,United States",PW61R32
Alan Shonely,7112106865,"Tampa,Florida,United States",DU65G34
Andrew Roberts,5813490788,"Philadelphia,Pennsylvania,United States",IP66N63
Nona Balk,8797562207,"Dallas,Texas,United States",AO23M53
Giulietta Dortch,8809938156,"Philadelphia,Pennsylvania,United States",TG16K60
Clytie Kelty,4297959810,"Grove City,Ohio,United States",PX18U26
Nat Gilpin,6344844973,"New York City,New York,United States",TG79X39
Christina Anderson,3001156071,"Chicago,Illinois,United States",BA32Z81
Sylvia Foulston,9430050768,"Dearborn,Michigan,United States",VC61Z49
Meg O'Connel,8316627650,"New York City,New York,United States",WO11N79
Annie Thurman,9204825691,"Seattle,Washington,United States",MK85J84
Fred McMath,5067700986,"Aurora,Colorado,United States",FX79V25
Denny Joy,7971445607,"Warner Robins,Georgia,United States",HO56K56
Max Engle,8667850254,"Aurora,Colorado,United States",JQ14E12
Justin Deggeller,3740856512,"Minneapolis,Minnesota,United States",PU15M42
John Lee,7002175360,"Mission Viejo,California,United States",WU57T37
Sean Christensen,3543435887,"Rochester Hills,Michigan,United States",YK45C19
Chuck Clark,6971824559,"Columbus,Indiana,United States",AC10E16
Anthony Rawles,3349870755,"Vancouver,Washington,United States",YT50T83
Steven Roelle,9116151946,"New York City,New York,United States",PI64W92
Craig Reiter,7009588512,"Columbus,Ohio,United States",BJ60Y45
Eugene Hildebrand,9522621158,"Aurora,Illinois,United States",AV23B19
Sibella Parks,6334495300,"New York City,New York,United States",SE30E41
Tiffany House,7014869804,"Dallas,Texas,United States",LM75S36
Resi Pölking,5554153169,"Cleveland,Ohio,United States",BM92S28
Rob Beeghly,5435762080,"Columbus,Indiana,United States",QZ11N19
Carol Darley,1634500844,"Tyler,Texas,United States",AK17C80
Doug Jacobs,3494233027,"New York City,New York,United States",VC77L12
Grant Thornton,3618246956,"Burlington,North Carolina,United States",JY42O15
Michael Chen,2572761002,"Jackson,Mississippi,United States",NQ99H89
Ralph Arnett,1612130629,"New York City,New York,United States",YX33I55
Naresj Patel,3641520294,"Waynesboro,Virginia,United States",YN84B45
Alan Barnes,8755407886,"Los Angeles,California,United States",ZI22O30
Jesus Ocampo,5429929309,"Chester,Pennsylvania,United States",PM69F73
Jay Kimmel,4393309371,"Long Beach,California,United States",FT27A29
Brad Norvell,2865930509,"Cary,North Carolina,United States",CY35E29
David Philippe,8585581299,"New York City,New York,United States",CM99K99
Tracy Hopkins,4021444684,"New York City,New York,United States",JG16J30
Arthur Prichep,7447339713,"Palm Coast,Florida,United States",ZQ21G79
Roland Schwarz,8593060330,"Mount Vernon,New York,United States",YB49I49
Seth Vernon,2979433390,"Dover,Delaware,United States",ED24Q45
Christine Kargatis,3231932268,"Orem,Utah,United States",VN79A37
Ross DeVincentis,7959268092,"Los Angeles,California,United States",GT85U93
Mathew Reese,2814602952,"Philadelphia,Pennsylvania,United States",PS76C35
Steve Chapman,8765015879,"Hialeah,Florida,United States",DE21W54
Jay Fein,9734328058,"Austin,Texas,United States",ZX34T37
Emily Grady,7881750795,"Oceanside,New York,United States",RZ61Y71
Darrin Sayre,2712109153,"Seattle,Washington,United States",UU70Y10
Phillina Ober,6181075601,"Naperville,Illinois,United States",EP22A68
Sung Shariari,6097030426,"Dallas,Texas,United States",AV83N90
Peter Bühler,7082756209,"Evanston,Illinois,United States",AX95E48
Roland Fjeld,9485049245,"Trenton,Michigan,United States",SA57Q16
Yoseph Carroll,7176608999,"San Francisco,California,United States",JW92I19
Debra Catini,8356365546,"Cottage Grove,Minnesota,United States",LJ39T33
Christine Phan,8859133561,"New York City,New York,United States",JG46Q91
Barry Französisch,5096376607,"Green Bay,Wisconsin,United States",CY37K38
Lisa Hazard,7107447142,"Columbus,Ohio,United States",AR91W39
Chris Selesnick,1611491327,"Bossier City,Louisiana,United States",WX24W80
Anthony Johnson,1494066000,"Saint Petersburg,Florida,United States",LU28K34
Benjamin Venier,9130600566,"Des Moines,Iowa,United States",MY67J92
Dan Lawera,7888356959,"Cincinnati,Ohio,United States",VW17P84
Bryan Mills,3819726517,"Columbus,Ohio,United States",CK61L49
Liz Thompson,4264732343,"Lancaster,California,United States",TQ58K86
Joe Kamberova,1613553085,"Asheville,North Carolina,United States",VI75S93
Erica Smith,2775017512,"San Francisco,California,United States",NP19R37
Rick Hansen,8353061651,"Rochester,Minnesota,United States",TW85A58
Carlos Daly,1686027375,"Lake Elsinore,California,United States",WB60E94
Helen Wasserman,6489830831,"San Diego,California,United States",QP33D86
Mike Caudle,4851845086,"Monroe,Louisiana,United States",WF65E39
Gary McGarr,2523128147,"San Francisco,California,United States",MN88Z49
Pauline Johnson,7107114438,"Santa Ana,California,United States",HC50W86
Bart Watters,5181448781,"Milwaukee,Wisconsin,United States",AO57L80
Toby Ritter,6863803208,"Belleville,New Jersey,United States",HZ43M46
Patrick Gardner,6819841013,"San Francisco,California,United States",BQ21X98
James Lanier,8794063445,"Columbia,Tennessee,United States",NB53V68
Brian Moss,8569805626,"New York City,New York,United States",GF40D46
Eudokia Martin,8476815933,"Los Angeles,California,United States",MG17F50
Art Foster,6231038858,"Louisville,Kentucky,United States",CO19U36
Guy Armstrong,1818218249,"Lorain,Ohio,United States",JG64E82
Cyma Kinney,9887530209,"Linden,New Jersey,United States",RV25B35
Dave Poirier,4554564594,"Salinas,California,United States",NO67Q80
Berenike Kampe,6784329972,"New York City,New York,United States",EP71H39
Sanjit Jacobs,5239576104,"New Brunswick,New Jersey,United States",OS33H19
Chuck Magee,9877265088,"San Francisco,California,United States",YD97J42
Anthony Jacobs,8743827656,"Springfield,Virginia,United States",XO98G24
Linda Southworth,8163616733,"Philadelphia,Pennsylvania,United States",XJ50Q40
Guy Phonely,8300091211,"Lancaster,Pennsylvania,United States",UP80D20
Paul Knutson,5804628877,"Philadelphia,Pennsylvania,United States",UM43O12
Sally Matthias,8260967856,"New York City,New York,United States",MJ46W91
Anthony Garverick,6437625988,"Philadelphia,Pennsylvania,United States",RP11M40
Peter McVee,2507340349,"Detroit,Michigan,United States",CB20F44
Lauren Leatherbury,9712582186,"Rochester,New York,United States",MZ33I97
Jill Stevenson,4567403887,"Los Angeles,California,United States",WM87X44
Ed Ludwig,5361362332,"Columbia,Maryland,United States",XT61N60
Pamela Coakley,5376333842,"San Francisco,California,United States",BL18A85
Hunter Lopez,5504282709,"Houston,Texas,United States",MP10U73
Maribeth Schnelling,6051998604,"Detroit,Michigan,United States",UY97R27
George Bell,9138238725,"Auburn,New York,United States",WD41Q90
Justin Ritter,2350913518,"Springfield,Ohio,United States",ZZ11D77
Bill Eplett,1611091510,"Jackson,Michigan,United States",BX61M14
Sample Company A,8161302337,"Norwich,Connecticut,United States",TZ81G49
Rob Williams,3505156346,"Dallas,Texas,United States",SL46G28
Sanjit Engle,3099613102,"New York City,New York,United States",TL58Z77
Adam Hart,2002493161,"New York City,New York,United States",EK30C14
Jessica Myrick,2166738246,"Philadelphia,Pennsylvania,United States",VW33Z47
Joel Jenkins,7793092072,"Springfield,Virginia,United States",JL23H32
Ralph Kennedy,3533124951,"Philadelphia,Pennsylvania,United States",BM34F65
Catherine Glotzbach,1814281703,"Philadelphia,Pennsylvania,United States",BE49O77
Rachel Payne,6712466495,"Riverside,California,United States",IO64G81
Karen Carlisle,8869479319,"San Francisco,California,United States",SY30O53
Katherine Hughes,9878686205,"Philadelphia,Pennsylvania,United States",TH62L89
Greg Hansen,2391968029,"Round Rock,Texas,United States",XM99E97
Scott Williamson,2292277456,"Jackson,Mississippi,United States",SC21I55
Joseph Airdo,3083529756,"Phoenix,Arizona,United States",TS75H17
Daniel Lacy,5701040801,"Oceanside,California,United States",WK82J44
Lindsay Williams,5315699173,"San Francisco,California,United States",XE70O91
Thomas Brumley,7597754534,"Fayetteville,Arkansas,United States",KG96A46
Bryan Spruell,2651647646,"New York City,New York,United States",ME89P35
Robert Waldorf,6687535506,"Wilmington,North Carolina,United States",NH92C13
Tracy Zic,9740633225,"Louisville,Colorado,United States",OS43J74
Ann Steele,1269745820,"Pasadena,Texas,United States",UU57G31
Toby Swindell,4721519866,"Houston,Texas,United States",VM92F64
Sara Luxemburg,7106139395,"Jacksonville,Florida,United States",CS86A70
Mitch Willingham,6744867385,"Virginia Beach,Virginia,United States",CQ27D21
Rob Dowd,1328486146,"Henderson,Kentucky,United States",SO42D88
Ryan Akin,6104774993,"Murrieta,California,United States",DC91W87
Meg Tillman,2189032040,"Scottsdale,Arizona,United States",YQ16S24
Vivek Gonzalez,8823507058,"San Diego,California,United States",UX82S57
John Stevenson,5370244386,"Seattle,Washington,United States",TV15M88
Kalyca Meade,5380003521,"New York City,New York,United States",WX74Y22
Hallie Redmond,5373443696,"Los Angeles,California,United States",GW53O16
Deanra Eno,7782120992,"Springfield,Ohio,United States",LO27J39
Allen Goldenen,6465171783,"Cincinnati,Ohio,United States",OV80I25
Jennifer Jackson,4129939757,"Los Angeles,California,United States",CF94P68
Jennifer Halladay,5851029580,"Burlington,North Carolina,United States",OT24T29
Robert Dilbeck,4769920090,"Saint Peters,Missouri,United States",ZK71Q57
Mary O'Rourke,2426498981,"New York City,New York,United States",RN82J92
Noel Staavos,4651474552,"Chicago,Illinois,United States",LB20R63
Deirdre Greer,7082843199,"Philadelphia,Pennsylvania,United States",BL97T25
Nicole Fjeld,2277826050,"New York City,New York,United States",PU40P59
Matthew Grinstein,7506921542,"Philadelphia,Pennsylvania,United States",TP46K79
Theresa Swint,7232793049,"Toledo,Ohio,United States",DC78D98
Brian DeCherney,4992069248,"San Francisco,California,United States",ZZ62M48
Charles McCrossin,7755183800,"Brownsville,Texas,United States",CC95X72
Skye Norling,3812587225,"Los Angeles,California,United States",PL13L26
Erica Hernandez,4647242927,"Denver,Colorado,United States",PM72V53
Frank Olsen,1860742138,"New York City,New York,United States",XU62B44
Maurice Satty,8756806460,"Mesa,Arizona,United States",PN39G82
Chad Cunningham,9787216390,"Columbus,Indiana,United States",IN57D22
Don Weiss,1417953184,"Seattle,Washington,United States",TK25X79
Bill Tyler,5605463251,"Detroit,Michigan,United States",IJ86Z73
Craig Yedwab,7597054168,"Oakland,California,United States",RT45L44
Brad Thomas,4101590818,"Clinton,Maryland,United States",WF98T38
Penelope Sewall,6548090398,"Charlotte,North Carolina,United States",ZU44R83
Paul Van Hugh,8483469225,"San Francisco,California,United States",EX60J54
Neoma Murray,7752099158,"Riverside,California,United States",HN62H59
Dionis Lloyd,4198693864,"San Francisco,California,United States",WJ20U18
Christine Sundaresam,5960842866,"Roswell,Georgia,United States",WM70N45
Frank Hawley,8032146931,"La Porte,Indiana,United States",CW80V36
Nat Carroll,7709763414,"Lansing,Michigan,United States",SG55D92
Alex Avila,7939954263,"Minneapolis,Minnesota,United States",CV37A38
Larry Tron,1380426489,"Escondido,California,United States",WF58M15
Anne Pryor,3842917479,"New York City,New York,United States",DZ60C59
Paul MacIntyre,3960000995,"Jackson,Michigan,United States",OQ13F97
Alyssa Tate,7531411774,"Los Angeles,California,United States",CH48B81
Cathy Armstrong,1837382018,"Houston,Texas,United States",YW89E69
Harold Ryan,1741545113,"Seattle,Washington,United States",CW53O82
Bradley Talbott,4079646655,"Los Angeles,California,United States",LY80T51
Larry Hughes,2818921801,"Charlotte,North Carolina,United States",EC72W89
Steven Ward,4552019250,"New York City,New York,United States",HL48H62
Stefania Perrino,1275289502,"Philadelphia,Pennsylvania,United States",VG93S30
Ben Ferrer,6721188638,"Los Angeles,California,United States",VA94H84
Kean Thornton,5565315873,"Buffalo,New York,United States",LZ51E54
Brooke Gillingham,9134808554,"Cincinnati,Ohio,United States",WT56B65
Greg Matthias,8164639326,"Seattle,Washington,United States",UO48W89
Eva Jacobs,1658994107,"Gulfport,Mississippi,United States",GV54A61
Nora Preis,6784063520,"Fresno,California,United States",YH54C77
Mick Hernandez,6460470317,"Chester,Pennsylvania,United States",WA99H41
Jocasta Rupert,5069966208,"Jacksonville,Florida,United States",CL80J61
Suzanne McNair,5790189183,"Greenville,North Carolina,United States",OY42K11
Chris Cortes,6395409183,"La Porte,Indiana,United States",HS25B46
Phillip Flathmann,7172809960,"San Francisco,California,United States",SI47X10
Dan Campbell,4731844950,"Florence,Alabama,United States",AD73V85
Bryan Davis,6744209164,"Houston,Texas,United States",KY32A14
Gene McClure,9968950762,"Providence,Rhode Island,United States",XW55O98
Todd Boyes,4260787761,"New York City,New York,United States",XI15W34
Justin Hirsh,3374397678,"Pueblo,Colorado,United States",RS35H42
Erica Bern,6984108845,"Fairfield,California,United States",LB58B73
Quincy Jones,7976259485,"Saint Paul,Minnesota,United States",VO12F72
Tracy Collins,8456714973,"Arlington,Virginia,United States",RQ54Q53
Chuck Sachs,3341429145,"Columbus,Georgia,United States",HQ28O89
Henry Goldwyn,8863698669,"Los Angeles,California,United States",LH74C49
Laurel Workman,2824048522,"Deltona,Florida,United States",QV49F80
Matt Collins,9335441499,"Cincinnati,Ohio,United States",EO76B49
Liz Preis,8926724661,"Murray,Kentucky,United States",NT66F93
Evan Bailliet,9513249478,"Wilmington,North Carolina,United States",EW90X95
George Zrebassa,9302778652,"Lawrence,Massachusetts,United States",LR44T34
Cathy Prescott,6124009647,"Norwich,Connecticut,United States",WQ93Z83
Frank Gastineau,7934736328,"San Francisco,California,United States",BM90J61
Lisa DeCherney,6737398204,"San Francisco,California,United States",XT67F34
Alejandro Ballentine,6016968383,"Lorain,Ohio,United States",CL19G99
Michael Nguyen,6449368884,"Dallas,Texas,United States",AQ71J48
Jim Radford,4055421227,"Middletown,Connecticut,United States",LO75G12
Jamie Frazer,2467420614,"Los Angeles,California,United States",HS25M34
Chad McGuire,4811779695,"New York City,New York,United States",BB26E90
Aaron Smayling,7590873061,"Jacksonville,North Carolina,United States",UU43W46
Beth Paige,4640943637,"Evanston,Illinois,United States",TL16R24
Natalie DeCherney,6834058109,"Louisville,Kentucky,United States",ZL95R51
Larry Blacks,2513687032,"Fort Worth,Texas,United States",EL15K46
Kean Takahito,6303338972,"Los Angeles,California,United States",AV63H77
Harry Marie,3602912708,"Philadelphia,Pennsylvania,United States",TI16L63
Ann Blume,9242736267,"Tucson,Arizona,United States",OA68F66
Sam Zeldin,9010898875,"Pico Rivera,California,United States",AK70G23
Michael Granlund,7195294199,"Clinton,Maryland,United States",BA58D25
Julie Kriz,8893481338,"Aurora,Illinois,United States",GX23S11
Paul Prost,5166047968,"Smyrna,Georgia,United States",AZ56T85
Yana Sorensen,9386809705,"Burlington,North Carolina,United States",ZK16M47
Katherine Murray,2262028589,"Salem,Virginia,United States",AC42K27
Adrian Barton,8654429943,"Phoenix,Arizona,United States",CO59L20
Helen Abelman,7246106538,"New York City,New York,United States",NW99Q63
Beth Thompson,4212480762,"Costa Mesa,California,United States",ME30M21
Stuart Van,2406321181,"Houston,Texas,United States",YZ69R81
Rick Wilson,4981359141,"Mesa,Arizona,United States",OI39K96
Damala Kotsonis,6940294232,"Salinas,California,United States",WN33B91
Shui Tom,1807620921,"Parma,Ohio,United States",UG67N37
Michael Moore,5464328467,"San Francisco,California,United States",UB82S60
Pauline Webber,7474267516,"Richmond,Kentucky,United States",TM97P31
Shaun Chance,2995592492,"Aurora,Colorado,United States",SH17U72
Thais Sissman,3949210215,"Phoenix,Arizona,United States",KK68Y31
Mark Cousins,8298263769,"Mobile,Alabama,United States",QA39M52
Maria Etezadi,8274083109,"Columbus,Georgia,United States",FA12Q56
Nicole Hansen,8821209360,"Irving,Texas,United States",AI88M68
Mick Brown,5591043864,"Vineland,New Jersey,United States",BF34V64
Keith Dawkins,7049504976,"New York City,New York,United States",YN79R30
Katherine Nockton,2097782029,"Los Angeles,California,United States",CR74Y99
Nora Pelletier,6591927785,"Niagara Falls,New York,United States",MK58J51
Cindy Stewart,5469714552,"Thomasville,North Carolina,United States",OW42R87
Maxwell Schwartz,3209264094,"New York City,New York,United States",UF52R54
Corinna Mitchell,3850836068,"Los Angeles,California,United States",EC41A87
Corey-Lock,4335188589,"Philadelphia,Pennsylvania,United States",GW50H14
Todd Sumrall,8659778279,"New York City,New York,United States",EA88M33
Jane Waco,4541979046,"Vancouver,Washington,United States",RJ99S52
John Dryer,2295912730,"Coppell,Texas,United States",PU67L52
Pauline Chand,2415041498,"Los Angeles,California,United States",KY89Q57
Andy Reiter,5300545198,"New York City,New York,United States",YQ94N82
Arianne Irving,5371777491,"Philadelphia,Pennsylvania,United States",OJ81Z72
Tom Boeckenhauer,7610829538,"Seattle,Washington,United States",PN52X69
Paul Lucas,6699397160,"Chicago,Illinois,United States",PM55T91
Gary Hwang,3627301737,"Tucson,Arizona,United States",ZE94J83
Mike Pelletier,5552298361,"Laguna Niguel,California,United States",XR85V94
Jim Mitchum,1639316131,"Bridgeton,New Jersey,United States",DM13X30
Carl Ludwig,2600848563,"Everett,Massachusetts,United States",DR91T78
Deborah Brumfield,7220017364,"San Diego,California,United States",YC87B46
Ivan Gibson,5273202406,"San Diego,California,United States",BU49B41
Bobby Odegard,9709458660,"Richmond,Kentucky,United States",IN94L97
Aimee Bixby,4015725202,"Long Beach,New York,United States",DY11C66
Julia West,2475534399,"Philadelphia,Pennsylvania,United States",JG16U46
Edward Becker,9233486240,"Seattle,Washington,United States",OK74M61
Sheri Gordon,6871421781,"New York City,New York,United States",TD58K52
Charlotte Melton,1484222121,"Philadelphia,Pennsylvania,United States",WU48I73
Anthony Witt,9949691713,"Allen,Texas,United States",ZM28X85
Mick Crebagga,7886058448,"El Paso,Texas,United States",HL85T88
Tonja Turnell,1881646122,"Aurora,Illinois,United States",HX54Z12
Vivek Grady,5528600947,"Virginia Beach,Virginia,United States",NU81K89
Muhammed Yedwab,9897712040,"Grapevine,Texas,United States",XK92L54
Rick Duston,9300144773,"Olympia,Washington,United States",YU35B27
Dennis Pardue,6681387874,"Peoria,Illinois,United States",SI21R54
Marina Lichtenstein,4064269631,"Los Angeles,California,United States",YS61H17
Jenna Caffey,5150093578,"Kent,Washington,United States",TF27M25
James Galang,5230820323,"Los Angeles,California,United States",IU98O17
Marc Crier,5966183837,"Lafayette,Louisiana,United States",UC45L59
Natalie Webber,8467314259,"Tigard,Oregon,United States",EP17Z15
Toby Braunhardt,2560581234,"Washington,District of Columbia,United States",WB88P35
Bill Stewart,2413665772,"Skokie,Illinois,United States",JL92Y76
Hilary Holden,5444056860,"San Francisco,California,United States",HV69L42
Christina DeMoss,7698555420,"Seattle,Washington,United States",VQ70I76
Thea Hendricks,3228243787,"Los Angeles,California,United States",LK31G94
Michelle Moray,8736443969,"Seattle,Washington,United States",QR33M29
Neola Schneider,1812566257,"Dallas,Texas,United States",TJ72C41
Robert Barroso,3096313759,"North Las Vegas,Nevada,United States",MZ66M89
Shaun Weien,8735353169,"Suffolk,Virginia,United States",PF13G26
Eric Barreto,1509920818,"San Francisco,California,United States",XX59G36
Pamela Stobb,4974855826,"Los Angeles,California,United States",XV96G81
Herbert Flentye,6991323567,"Indianapolis,Indiana,United States",RK24L77
Henia Zydlo,4078596121,"Columbus,Ohio,United States",JP13X90
Cynthia Delaney,5694811486,"San Diego,California,United States",HY96R37
Jamie Kunitz,5272075988,"San Francisco,California,United States",YI35Z96
Filia McAdams,2701020870,"Dublin,Ohio,United States",JO24B63
Emily Ducich,4956917604,"San Diego,California,United States",YJ96T52
Dianna Arnett,5587088037,"Houston,Texas,United States",TF29K70
Joni Wasserman,8626059559,"Oakland,California,United States",AH68G38
Raymond Messe,8881358409,"Houston,Texas,United States",YI60L58
Max Ludwig,8662577011,"Suffolk,Virginia,United States",KG19H64
Craig Carroll,9907292517,"Greensboro,North Carolina,United States",NH94K41
Jim Epp,7584373327,"Milwaukee,Wisconsin,United States",PZ10J83
Roy Phan,8442540931,"Kenosha,Wisconsin,United States",CS75J40
Thomas Boland,3989486196,"Houston,Texas,United States",JK35T50
Brad Eason,1702205842,"Olathe,Kansas,United States",ZB92Y72
Jill Fjeld,6568420686,"Dallas,Texas,United States",CH47R66
Phillip Breyer,4095683952,"Tulsa,Oklahoma,United States",LD21S87
Brian Thompson,4290005381,"Newark,Ohio,United States",WK28F81
Janet Lee,1278527874,"Chicago,Illinois,United States",MH35Z49
Cathy Hwang,1717703440,"Raleigh,North Carolina,United States",LC33X54
Neil Ducich,9593604880,"Macon,Georgia,United States",IO94B69
Barbara Fisher,5755362050,"Charlotte,North Carolina,United States",YH29Z58
Katharine Harms,1574188617,"Bowling Green,Kentucky,United States",YO47S61
Giulietta Weimer,4710912379,"Seattle,Washington,United States",ZN46N73
Noah Childs,3945723628,"Aurora,Colorado,United States",OG19D86
Michelle Ellison,9156823940,"San Francisco,California,United States",FS74W90
Benjamin Patterson,6382082024,"Spokane,Washington,United States",NU98T87
John Castell,2268588125,"San Antonio,Texas,United States",NC85M43
Adam Shillingsburg,5767856389,"Charlottesville,Virginia,United States",CI99B88
Amy Cox,2765073160,"Minneapolis,Minnesota,United States",OH23W37
Michael Dominguez,2185613142,"Indianapolis,Indiana,United States",YK85W21
Duane Benoit,4481151890,"Oceanside,New York,United States",NQ40Q95
Erica Hackney,8457701255,"Roswell,Georgia,United States",EJ30J58
Edward Hooks,3394969139,"Watertown,New York,United States",WG49U87
Scot Coram,6600345087,"Arlington,Texas,United States",XF75F35
Joe Elijah,1713620917,"Broomfield,Colorado,United States",RH31C24
Ann Chong,5153111493,"New York City,New York,United States",VJ97N39
Joy Daniels,6096182447,"Chicago,Illinois,United States",PG84S64
Christy Brittain,8211943509,"Columbus,Ohio,United States",TD34I47
Joy Smith,2256204413,"Houston,Texas,United States",CN96Y29
Luke Weiss,6785840118,"Pasadena,California,United States",DG78Z23
Stuart Calhoun,8926068636,"Houston,Texas,United States",ME44D14
Anne McFarland,8917306379,"Auburn,Alabama,United States",MD71H97
Rick Huthwaite,9015226921,"Providence,Rhode Island,United States",LO26X60
Carol Triggs,2710636316,"Rochester,Minnesota,United States",SU67Q72
Matt Collister,2546875436,"Perth Amboy,New Jersey,United States",GG97X98
Corey Catlett,8663416705,"Philadelphia,Pennsylvania,United States",JE93G35
Kelly Andreada,4857014775,"Ontario,California,United States",YK13B68
Tamara Chand,4379932447,"Seattle,Washington,United States",YN75F16
Bart Folk,8310023481,"Baltimore,Maryland,United States",IC24B36
Magdelene Morse,8461516142,"Wilmington,Delaware,United States",XB12W39
Adrian Hane,8090661034,"Tucson,Arizona,United States",OB53H56
Ben Wallace,4861444725,"Boynton Beach,Florida,United States",NU42U42
Scot Wooten,1877121470,"Stockton,California,United States",NB54W23
Brian Stugart,3009320402,"Philadelphia,Pennsylvania,United States",ZL42D83
Randy Ferguson,7314579877,"Dover,New Hampshire,United States",RH39H22
William Brown,9124909595,"Philadelphia,Pennsylvania,United States",VQ92C76
Trudy Brown,2647924162,"Grand Prairie,Texas,United States",JU94N70
Art Ferguson,9375609996,"College Station,Texas,United States",UB88Z13
Richard Bierner,2882968648,"Saint Louis,Missouri,United States",PW13M84
Karen Ferguson,6557736284,"Manteca,California,United States",DI81O21
John Huston,5042870256,"Kent,Ohio,United States",NV65V35
Ivan Liston,1662000795,"San Francisco,California,United States",HO37H84
Patrick Bzostek,8030761937,"Salt Lake City,Utah,United States",KV29D83
Rob Haberlin,9314155528,"Huntsville,Alabama,United States",XE97G51
Arthur Wiediger,7071310773,"Aurora,Illinois,United States",EK26U34
Maris LaWare,5157161597,"Fairfield,Connecticut,United States",LP78D53
Dorothy Badders,7797078662,"Jacksonville,Florida,United States",FU41T98
Matt Hagelstein,6298753038,"San Francisco,California,United States",KX72N10
Dennis Kane,8797409853,"Marion,Ohio,United States",VT87I59
Bobby Trafton,5846500254,"Littleton,Colorado,United States",XU96X43
Denny Blanton,1801488048,"La Porte,Indiana,United States",IZ56O74
Toby Gnade,6237882240,"Los Angeles,California,United States",UX59Y31
Barry Franz,3480018285,"Pasadena,California,United States",WR73G48
Justin MacKendrick,4016536129,"Los Angeles,California,United States",BL69C59
Maria Zettner,2260560839,"San Diego,California,United States",MT80S14
Mitch Webber,8531789731,"New York City,New York,United States",NR58H24
Mark Van Huff,9013316306,"Arlington,Virginia,United States",XL56A38
Sean Miller,7061663559,"Monroe,North Carolina,United States",KQ17N86
Tom Prescott,3003386639,"Seattle,Washington,United States",XF32K99
Jim Karlsson,8857087574,"Seattle,Washington,United States",PJ98F62
Patrick Jones,3650455545,"Murfreesboro,Tennessee,United States",LT71X23
Ricardo Sperren,4853156638,"Seattle,Washington,United States",XQ54A81
Susan Vittorini,9759407470,"New York City,New York,United States",YJ27X14
Becky Castell,9750230938,"Peoria,Arizona,United States",HS58V95
Elizabeth Moffitt,7103269885,"Sioux Falls,South Dakota,United States",ND69F50
Brendan Murry,7567778801,"New York City,New York,United States",DP10R92
Kristina Nunn,9445509147,"Fort Collins,Colorado,United States",VM69G36
Kelly Williams,9020488401,"Clarksville,Tennessee,United States",DC13U47
Scott Cohen,9919841899,"San Francisco,California,United States",FK58E38
Christina VanderZanden,3568440110,"Fresno,California,United States",YX14K37
Speros Goranitis,2218007811,"New York City,New York,United States",TC81J41
Tamara Manning,5898885171,"San Francisco,California,United States",UH94E18
Eleni McCrary,2771592806,"Los Angeles,California,United States",EL37U11
Michelle Lonsdale,6995425303,"Albuquerque,New Mexico,United States",XX18R15
Clay Rozendal,7712792940,"Elmhurst,Illinois,United States",MC41Y74
Annie Zypern,7522545837,"New York City,New York,United States",ZF88X88
Pierre Wener,6439724108,"Louisville,Colorado,United States",EV79F65
Shahid Collister,9807250774,"Seattle,Washington,United States",CJ32Z17
Carlos Meador,9015554160,"Fayetteville,North Carolina,United States",MB80L56
Greg Maxwell,3166258923,"Los Angeles,California,United States",HU97P13
Tim Brockman,6777789991,"New York City,New York,United States",GD83D33
John Murray,4436672932,"Jamestown,New York,United States",PL40W98
Sonia Cooley,5927154745,"Mishawaka,Indiana,United States",KO25C90
Luke Schmidt,7594242648,"Skokie,Illinois,United States",RN19I90
Ralph Ritter,8985411505,"San Francisco,California,United States",YS88O40
Daniel Byrd,2800411667,"Tampa,Florida,United States",CU52D81
Thomas Thornton,8329110407,"Houston,Texas,United States",BP65B81
Lori Olson,2056915027,"La Quinta,California,United States",SF92S86
Ken Dana,2709776868,"Scottsdale,Arizona,United States",RV22T92
Nicole Brennan,8191731406,"Philadelphia,Pennsylvania,United States",WE45R34
Brian Derr,3507973448,"Bowling Green,Kentucky,United States",GY44F73
Chris McAfee,6873369778,"Carrollton,Texas,United States",HS63W21
Edward Nazzal,6296098726,"New York City,New York,United States",YC43E99
Kean Nguyen,3143252007,"Jacksonville,Florida,United States",JW32I59
Bill Overfelt,5398952038,"Los Angeles,California,United States",WI79J99
Aleksandra Gannaway,1324871490,"Los Angeles,California,United States",KF19E48
Matthew Clasen,2627548710,"Saint Louis,Missouri,United States",IO69V71
Tom Ashbrook,5285679682,"New York City,New York,United States",JJ36K82
Jason Fortune-,5043840895,"Seattle,Washington,United States",AD35B89
Tim Taslimi,6783679147,"Los Angeles,California,United States",QM25W85
Sarah Bern,7946887397,"New York City,New York,United States",PK61H12
Craig Leslie,4209474081,"Springfield,Missouri,United States",MO99Z60
Hunter Glantz,3207257530,"Amarillo,Texas,United States",OQ94M66
Nancy Lomonaco,9095313689,"Los Angeles,California,United States",QO63T55
Rick Reed,7296652544,"Lowell,Massachusetts,United States",SO91F24
Toby Carlisle,8935088284,"San Diego,California,United States",KL13C63
Stewart Visinsky,5382562462,"Pueblo,Colorado,United States",NW79K86
Bobby Elias,1618488358,"Lancaster,Ohio,United States",MP53I83
Steve Carroll,8517573683,"Columbus,Georgia,United States",HU48A89
David Flashing,2894852703,"Vallejo,California,United States",DA98Z45
Fred Harton,2697883207,"Seattle,Washington,United States",PO88J53
MaryBeth Skach,3652903679,"San Diego,California,United States",JZ57L31
Ritsa Hightower,3620719024,"Tallahassee,Florida,United States",GI67Z13
George Ashbrook,2539332807,"San Francisco,California,United States",MM54E82
Julie Prescott,7924690025,"Columbus,Georgia,United States",HT48V81
Dean percer,7691755009,"Murray,Utah,United States",IR21P52
Michael Oakman,1271366796,"Dallas,Texas,United States",WC43R55
Denise Leinenbach,8292439767,"Las Cruces,New Mexico,United States",JE90X40
Michelle Huthwaite,3463161861,"Seattle,Washington,United States",MS79Y73
Daniel Raglin,1343038317,"Franklin,Massachusetts,United States",WR50J68
Darrin Martin,8344460541,"Encinitas,California,United States",LW17D42
Carol Adams,9907806593,"Hoover,Alabama,United States",NZ48J74
Anna Chung,2283832858,"Huntsville,Texas,United States",FU27I41
Denise Monton,3090154622,"Roswell,Georgia,United States",YL20H82
Vicky Freymann,8623319817,"Columbus,Indiana,United States",LL17F75
Christopher Conant,7882425161,"Fayetteville,North Carolina,United States",YD48T25
Beth Fritzler,9289361678,"Tucson,Arizona,United States",NB28O34
Harry Greene,3268416967,"Lake Charles,Louisiana,United States",BX96R42
Becky Pak,6845468573,"Columbus,Georgia,United States",WN98W88
Eugene Moren,4403336693,"Glendale,Arizona,United States",YJ68G42
Michelle Arnett,2731249601,"Watertown,New York,United States",DU40R49
Andy Yotov,5627414737,"Oceanside,California,United States",MP81R31
Giulietta Baptist,6504560173,"Philadelphia,Pennsylvania,United States",YJ75E15
Julia Barnett,1890655511,"Columbus,Georgia,United States",AC57A39
Michael Grace,4974604830,"New York City,New York,United States",WO70U88
Sharelle Roach,4015632300,"Louisville,Colorado,United States",CL70P25
Joy Bell-,7951922400,"Brownsville,Texas,United States",BH35M98
Dario Medina,8091629077,"Lincoln Park,Michigan,United States",FN42L58
Tony Chapman,1390477412,"Columbus,Georgia,United States",MX20L36
Sean Wendt,6773694634,"Detroit,Michigan,United States",OA66Z41
Richard Eichhorn,4902606011,"Dallas,Texas,United States",CG69Q98
Benjamin Farhat,8188833647,"Albuquerque,New Mexico,United States",UB53S85
Katrina Bavinger,6220544391,"Apple Valley,California,United States",YY22C31
Jason Gross,5996014572,"Providence,Rhode Island,United States",TR67B41
Erin Creighton,6303556049,"New York City,New York,United States",GT51X57
Eugene Barchas,6236314239,"Philadelphia,Pennsylvania,United States",RQ79Y60
Jennifer Patt,1243504395,"Oceanside,New York,United States",NF53R41
Cari Sayre,7590633550,"Seattle,Washington,United States",QC16Z32
Gary Hansen,3021642348,"Glendale,Arizona,United States",IE18G54
Pete Takahito,2868344024,"Houston,Texas,United States",CL79X55
Jack Lebron,5497040865,"Houston,Texas,United States",AA34D30
Aaron Hawkins,2322164608,"Philadelphia,Pennsylvania,United States",TL70A74
Cindy Chapman,5021862645,"New York City,New York,United States",OA16S22
David Wiener,2707411272,"Houston,Texas,United States",HV28K16
Sarah Jordon,5917637895,"Grand Prairie,Texas,United States",WX83O76
Bruce Geld,8497905457,"Philadelphia,Pennsylvania,United States",OV89X77
Laurel Beltran,2574268757,"Highland Park,Illinois,United States",CR31Q68
Candace McMahon,9042466805,"Pasadena,Texas,United States",UB24V15
Evan Henry,1770238335,"Decatur,Alabama,United States",CJ85B40
Tony Sayre,9200384660,"Columbia,Tennessee,United States",CI24J79
Patrick Ryan,2940674275,"Oakland,California,United States",TF78B35
Liz Carlisle,8681033194,"Mission Viejo,California,United States",HJ76L79
Cindy Schnelling,6192580741,"Conroe,Texas,United States",JA77M57
Dave Hallsten,8351621667,"Richmond,Kentucky,United States",WZ26O90
Jack O'Briant,8926595353,"Philadelphia,Pennsylvania,United States",ZA74W93
Anna Häberlin,9198611715,"New York City,New York,United States",VL29Z86
Heather Jas,9528378853,"Jacksonville,Florida,United States",OQ44Z69
Mark Hamilton,7229549534,"Jacksonville,North Carolina,United States",CN10X24
Russell D'Ascenzo,1382264874,"Austin,Texas,United States",XE48U71
Sam Craven,4913699935,"Plano,Texas,United States",QV83H14
Stephanie Ulpright,2672568826,"Jackson,Mississippi,United States",XD16H65
Fred Chung,1881387387,"Mesquite,Texas,United States",UF69I87
Randy Bradley,2426455773,"Philadelphia,Pennsylvania,United States",RI32V56
Nick Crebassa,7872003285,"Dallas,Texas,United States",PO72L23
Darren Budd,8737886541,"Los Angeles,California,United States",XH49T65
Maureen Fritzler,4562753361,"Toledo,Ohio,United States",ZP56B21
Roland Murray,7115278452,"New York City,New York,United States",IM86P90
Vivian Mathis,5244651084,"Newark,Delaware,United States",SG60B69
Ed Jacobs,3542151032,"San Diego,California,United States",YF13U13
Nathan Cano,4945842654,"Jacksonville,North Carolina,United States",TM99V66
Lycoris Saunders,7401669401,"Dover,Delaware,United States",QZ55P45
Katrina Edelman,3331433639,"Bristol,Tennessee,United States",IJ41L29
Duane Huffman,5663869356,"Quincy,Massachusetts,United States",UG18N81
Peter Fuller,7903716229,"Gilbert,Arizona,United States",CD75U22
Valerie Takahito,3816728931,"Philadelphia,Pennsylvania,United States",AR54F32
Maureen Gnade,9615560891,"Buffalo,New York,United States",EO57N77
Susan Pistek,4167664874,"Los Angeles,California,United States",XO35B54
Charles Sheldon,8740803763,"Columbia,Tennessee,United States",OS13V38
Dana Kaydos,2704240542,"Kenosha,Wisconsin,United States",IC92E54
Khloe Miller,4361287067,"Roswell,Georgia,United States",XL35C56
Anna Andreadi,5692146160,"Chester,Pennsylvania,United States",ZH86B55
Dorothy Dickinson,3680417400,"Houston,Texas,United States",MX73E10
Amy Hunt,3804497026,"New York City,New York,United States",WD74D78
Tracy Poddar,5539860965,"Aurora,Colorado,United States",JO29M62
Eileen Kiefer,5074665000,"Santa Ana,California,United States",SN77P55
Cyra Reiten,7274785491,"New York City,New York,United States",BH27N94
Susan Gilcrest,1918254028,"Mcallen,Texas,United States",XL97O74
Angele Hood,7842954169,"Chicago,Illinois,United States",FL19X20
Neil Französisch,8355855282,"Rockford,Illinois,United States",IP70J85
Bill Shonely,5957115523,"New York City,New York,United States",ZU15N77
Stefanie Holloman,6570825313,"Jackson,Tennessee,United States",HY79H50
Roger Demir,8317103491,"Daytona Beach,Florida,United States",KZ97E90
Alex Grayson,7194895177,"Stockton,California,United States",MR18S33
Georgia Rosenberg,4235172713,"San Francisco,California,United States",KY94F33
Vivek Sundaresam,1449037019,"Los Angeles,California,United States",UZ88M70
Tony Molinari,1700934916,"Oklahoma City,Oklahoma,United States",EQ51V62
Tom Stivers,4606075067,"Los Angeles,California,United States",YN46A67
Dennis Bolton,4482941230,"New York City,New York,United States",QY59C11
Nick Radford,2518131145,"Aurora,Illinois,United States",VE81U59
Cari Schnelling,4367840230,"Jacksonville,North Carolina,United States",YA94C52
Monica Federle,2451092024,"Los Angeles,California,United States",LJ16I87
Liz Willingham,4602710894,"Norwich,Connecticut,United States",JS11K38
Alex Russell,4619140020,"Lawrence,Massachusetts,United States",NV61W39
Karen Seio,3302001877,"Lehi,Utah,United States",CD43V69
Aaron Bergman,5232536427,"Seattle,Washington,United States",XX41V43
Lisa Ryan,1936872422,"Philadelphia,Pennsylvania,United States",EY67A69
Shahid Shariari,8045943760,"Los Angeles,California,United States",JZ52T43
Jill Matthias,2488161317,"Monroe,North Carolina,United States",JI81Y37
Jason Klamczynski,7990340831,"Dallas,Texas,United States",GR84Q74
Don Miller,9870761122,"Houston,Texas,United States",WM33K30
Muhammed Lee,6730641538,"Seattle,Washington,United States",OC98E50
Marc Harrigan,1637990156,"Los Angeles,California,United States",JO74Q89
Frank Carlisle,8929717937,"Lakewood,Ohio,United States",CW80B81
Thea Hudgings,4741263274,"Philadelphia,Pennsylvania,United States",LE63F61
Juliana Krohn,2271156686,"Omaha,Nebraska,United States",TN12W66
Sarah Brown,2429179915,"Concord,New Hampshire,United States",RD58U57
Barry Gonzalez,3591289995,"Monroe,Louisiana,United States",WN79N27
Barry Weirich,9174421691,"Raleigh,North Carolina,United States",IK29H50
Mitch Gastineau,2585839749,"Jacksonville,Florida,United States",AT31P76
Doug O'Connell,1536197094,"Los Angeles,California,United States",DZ52S53
Barry Pond,1556166976,"Cranston,Rhode Island,United States",ZR52D40
Trudy Schmidt,4591211752,"Milwaukee,Wisconsin,United States",NA19P19
Evan Minnotte,9060623356,"Virginia Beach,Virginia,United States",MR58D40
Anthony O'Donnell,1371814281,"Los Angeles,California,United States",VU13S40
Mark Haberlin,9780798714,"New York City,New York,United States",VZ11L69
Shirley Schmidt,4260476029,"Louisville,Kentucky,United States",NE86F84
Lela Donovan,7339157109,"Chicago,Illinois,United States",CV58W94
Victoria Pisteka,8993438391,"San Francisco,California,United States",HD64G38
Theresa Coyne,8664398811,"Lakewood,New Jersey,United States",IN20M11
Ionia McGrath,7766359245,"Roseville,California,United States",ZE84X88
Anemone Ratner,2894716134,"Columbus,Georgia,United States",NM61S95
Craig Molinari,9107498914,"Huntsville,Texas,United States",JW57T38
Fred Wasserman,4647414813,"Huntsville,Alabama,United States",AE46Z61
Lindsay Castell,1300050393,"Arlington,Virginia,United States",AQ99N30
Harold Engle,5435492557,"Chicago,Illinois,United States",NL15W17
Brendan Dodson,4971727836,"Fresno,California,United States",DT47I90
Harold Dahlen,5676447053,"Philadelphia,Pennsylvania,United States",BP61A32
Carl Jackson,5940592349,"Philadelphia,Pennsylvania,United States",TM43Z55
Roy Skaria,5320023012,"Burlington,Iowa,United States",BJ85B60
Sung Chung,4414121720,"Arlington Heights,Illinois,United States",GN90Z44
Ricardo Emerson,7394563090,"Kent,Ohio,United States",RM48F64
Susan MacKendrick,8469687542,"Newark,Ohio,United States",FI75E22
